{
  "gpu_name": "NVIDIA H100 80GB HBM3",
  "torch_version": "2.7.0",
  "cuda_version": "12.8",
  "warmup": 30,
  "iters": 120,
  "repeats": 7,
  "shape_distributions": [
    {
      "M": 1,
      "K": 4096,
      "N": 4096,
      "max_abs_err": 0.0,
      "max_rel_err": 0.0,
      "focal": {
        "min_ms": 0.008954667051633199,
        "median_ms": 0.008986133337020873,
        "p90_ms": 0.009000800053278605,
        "max_ms": 0.009026133020718892,
        "samples_ms": [
          0.009026133020718892,
          0.008954667051633199,
          0.008986133337020873,
          0.008974666396776835,
          0.008965866764386494,
          0.00898906687895457,
          0.009000800053278605
        ]
      },
      "dequant_matmul": {
        "min_ms": 0.45399519602457683,
        "median_ms": 0.45419785181681316,
        "p90_ms": 0.45427974065144855,
        "max_ms": 0.45428345998128256,
        "samples_ms": [
          0.4540408134460449,
          0.45399519602457683,
          0.45419785181681316,
          0.45425360997517905,
          0.45427974065144855,
          0.45428345998128256,
          0.4541333198547363
        ]
      },
      "predequant_matmul": {
        "min_ms": 0.03815919955571492,
        "median_ms": 0.038185866673787434,
        "p90_ms": 0.03823599815368652,
        "max_ms": 0.03824479977289836,
        "samples_ms": [
          0.03815919955571492,
          0.03824479977289836,
          0.03820026715596517,
          0.03823599815368652,
          0.038185866673787434,
          0.03816186587015788,
          0.038181865215301515
        ]
      },
      "median_speedup_vs_dequant": 50.544303626746654,
      "median_speedup_vs_predequant": 4.249421329691398
    },
    {
      "M": 1,
      "K": 4096,
      "N": 11008,
      "max_abs_err": 0.015625,
      "max_rel_err": 0.007575757801532745,
      "focal": {
        "min_ms": 0.0202674667040507,
        "median_ms": 0.02027946710586548,
        "p90_ms": 0.020281600952148437,
        "max_ms": 0.020305599768956503,
        "samples_ms": [
          0.020305599768956503,
          0.02027946710586548,
          0.020270667473475137,
          0.0202674667040507,
          0.020270667473475137,
          0.020281600952148437,
          0.02028026580810547
        ]
      },
      "dequant_matmul": {
        "min_ms": 1.1116036732991537,
        "median_ms": 1.1117528279622395,
        "p90_ms": 1.1118483225504556,
        "max_ms": 1.1118693033854166,
        "samples_ms": [
          1.1116252899169923,
          1.1118483225504556,
          1.1118693033854166,
          1.1117528279622395,
          1.1118378957112631,
          1.1117071787516275,
          1.1116036732991537
        ]
      },
      "predequant_matmul": {
        "min_ms": 0.0790234645207723,
        "median_ms": 0.0790717363357544,
        "p90_ms": 0.07911919752756755,
        "max_ms": 0.07917306423187256,
        "samples_ms": [
          0.07911173502604167,
          0.07917306423187256,
          0.07905519803365071,
          0.0790717363357544,
          0.07905039787292481,
          0.07911919752756755,
          0.0790234645207723
        ]
      },
      "median_speedup_vs_dequant": 54.82159970765132,
      "median_speedup_vs_predequant": 3.8991032615883823
    },
    {
      "M": 1,
      "K": 11008,
      "N": 4096,
      "max_abs_err": 0.0625,
      "max_rel_err": 0.0047846888191998005,
      "focal": {
        "min_ms": 0.01971679925918579,
        "median_ms": 0.01975359916687012,
        "p90_ms": 0.01976026693979899,
        "max_ms": 0.01981173356374105,
        "samples_ms": [
          0.0197488009929657,
          0.01975359916687012,
          0.01981173356374105,
          0.01971679925918579,
          0.01975706617037455,
          0.01976026693979899,
          0.01975226600964864
        ]
      },
      "dequant_matmul": {
        "min_ms": 1.1047754923502604,
        "median_ms": 1.1049728393554688,
        "p90_ms": 1.1050301869710286,
        "max_ms": 1.1050853729248047,
        "samples_ms": [
          1.1047845204671225,
          1.1049728393554688,
          1.1050301869710286,
          1.1048882802327473,
          1.1047754923502604,
          1.105013910929362,
          1.1050853729248047
        ]
      },
      "predequant_matmul": {
        "min_ms": 0.07624320189158122,
        "median_ms": 0.07635733286539713,
        "p90_ms": 0.076364533106486,
        "max_ms": 0.07652373313903808,
        "samples_ms": [
          0.07636319796244304,
          0.07635733286539713,
          0.07652373313903808,
          0.07624346415201823,
          0.07627493540445963,
          0.076364533106486,
          0.07624320189158122
        ]
      },
      "median_speedup_vs_dequant": 55.93779796892312,
      "median_speedup_vs_predequant": 3.865489636615708
    },
    {
      "M": 8,
      "K": 8192,
      "N": 11008,
      "max_abs_err": 0.125,
      "max_rel_err": 0.0059523810632526875,
      "focal": {
        "min_ms": 0.22121466000874837,
        "median_ms": 0.22123626073201497,
        "p90_ms": 0.22125892639160155,
        "max_ms": 0.22137573560078938,
        "samples_ms": [
          0.22121466000874837,
          0.22137573560078938,
          0.22123093605041505,
          0.22123626073201497,
          0.22125199635823567,
          0.22122133572896321,
          0.22125892639160155
        ]
      },
      "dequant_matmul": {
        "min_ms": 2.231917063395182,
        "median_ms": 2.23199462890625,
        "p90_ms": 2.232294209798177,
        "max_ms": 2.232408142089844,
        "samples_ms": [
          2.232086944580078,
          2.2319554646809894,
          2.231917063395182,
          2.2319246927897134,
          2.232294209798177,
          2.232408142089844,
          2.23199462890625
        ]
      },
      "predequant_matmul": {
        "min_ms": 0.22453519503275554,
        "median_ms": 0.224673334757487,
        "p90_ms": 0.22482479413350423,
        "max_ms": 0.22545520464579263,
        "samples_ms": [
          0.22453519503275554,
          0.22472532590230307,
          0.22459893226623534,
          0.2245957374572754,
          0.22545520464579263,
          0.22482479413350423,
          0.224673334757487
        ]
      },
      "median_speedup_vs_dequant": 10.088737811429025,
      "median_speedup_vs_predequant": 1.0155357626010293
    }
  ],
  "decode_bundle": {
    "name": "llama2_7b_supported_decode_projection_bundle",
    "layers": [
      {
        "name": "q_proj",
        "M": 1,
        "K": 4096,
        "N": 4096
      },
      {
        "name": "k_proj",
        "M": 1,
        "K": 4096,
        "N": 4096
      },
      {
        "name": "v_proj",
        "M": 1,
        "K": 4096,
        "N": 4096
      },
      {
        "name": "o_proj",
        "M": 1,
        "K": 4096,
        "N": 4096
      },
      {
        "name": "gate_proj",
        "M": 1,
        "K": 4096,
        "N": 11008
      },
      {
        "name": "up_proj",
        "M": 1,
        "K": 4096,
        "N": 11008
      },
      {
        "name": "down_proj",
        "M": 1,
        "K": 11008,
        "N": 4096
      }
    ],
    "unsupported_layers": [],
    "max_abs_err": 0.03125,
    "max_rel_err": 0.0062500000931322575,
    "focal": {
      "min_ms": 0.1381173292795817,
      "median_ms": 0.1382736047108968,
      "p90_ms": 0.1383128007253011,
      "max_ms": 0.13833467165629068,
      "samples_ms": [
        0.13833467165629068,
        0.1381173292795817,
        0.1382736047108968,
        0.13823706309000652,
        0.1383128007253011,
        0.13830666542053222,
        0.13821333249409992
      ]
    },
    "dequant_matmul": {
      "min_ms": 5.138190205891927,
      "median_ms": 5.1382298787434895,
      "p90_ms": 5.138629150390625,
      "max_ms": 5.1387385050455725,