{
  "gpu_name": "NVIDIA H100 80GB HBM3",
  "torch_version": "2.7.0",
  "cuda_version": "12.8",
  "warmup": 30,
  "iters": 120,
  "repeats": 7,
  "shape_distributions": [
    {
      "M": 1,
      "K": 4096,
      "N": 4096,
      "max_abs_err": 0.0,
      "max_rel_err": 0.0,
      "focal": {
        "min_ms": 0.008819466829299927,
        "median_ms": 0.008839733401934306,
        "p90_ms": 0.008865333596865336,
        "max_ms": 0.00887119968732198,
        "samples_ms": [
          0.00887119968732198,
          0.008865333596865336,
          0.008839999636014303,
          0.008834133545557657,
          0.008839733401934306,
          0.008819733063379924,
          0.008819466829299927
        ]
      },
      "dequant_matmul": {
        "min_ms": 0.45171387990315753,
        "median_ms": 0.4519581476847331,
        "p90_ms": 0.4520056088765462,
        "max_ms": 0.45201279322306315,
        "samples_ms": [
          0.45171387990315753,
          0.4517658551534017,
          0.45200481414794924,
          0.45201279322306315,
          0.4518783887227376,
          0.4519581476847331,
          0.4520056088765462
        ]
      },
      "predequant_matmul": {
        "min_ms": 0.03770853281021118,
        "median_ms": 0.03778853416442871,
        "p90_ms": 0.0378325343132019,
        "max_ms": 0.03787519931793213,
        "samples_ms": [
          0.03779600063959757,
          0.037777066230773926,
          0.0378325343132019,
          0.03770853281021118,
          0.03787519931793213,
          0.03778853416442871,
          0.03774346510569255
        ]
      },
      "median_speedup_vs_dequant": 51.12802922154144,
      "median_speedup_vs_predequant": 4.27484998090099
    },
    {
      "M": 1,
      "K": 4096,
      "N": 11008,
      "max_abs_err": 0.015625,
      "max_rel_err": 0.007575757801532745,
      "focal": {
        "min_ms": 0.020190133651097616,
        "median_ms": 0.02021146615346273,
        "p90_ms": 0.0202239990234375,
        "max_ms": 0.020253332455952962,
        "samples_ms": [
          0.020223466555277507,
          0.02021146615346273,
          0.020253332455952962,
          0.0202074666817983,
          0.0202239990234375,
          0.020209866762161254,
          0.020190133651097616
        ]
      },
      "dequant_matmul": {
        "min_ms": 1.1098546346028646,
        "median_ms": 1.109995142618815,
        "p90_ms": 1.110036849975586,
        "max_ms": 1.110141118367513,
        "samples_ms": [
          1.1098546346028646,
          1.110141118367513,
          1.109995142618815,
          1.110036849975586,
          1.1099183400472006,
          1.1098773956298829,
          1.1100357055664063
        ]
      },
      "predequant_matmul": {
        "min_ms": 0.07852533658345541,
        "median_ms": 0.07863679726918539,
        "p90_ms": 0.07865946292877198,
        "max_ms": 0.07869173685709635,
        "samples_ms": [
          0.07869173685709635,
          0.07863866488138835,
          0.07855892976125081,
          0.07865946292877198,
          0.07855013211568197,
          0.07852533658345541,
          0.07863679726918539
        ]
      },
      "median_speedup_vs_dequant": 54.919080792594805,
      "median_speedup_vs_predequant": 3.8907022712804507
    },
    {
      "M": 8,
      "K": 8192,
      "N": 11008,
      "max_abs_err": 0.25,
      "max_rel_err": 0.007246376946568489,
      "focal": {
        "min_ms": 0.22257439295450845,
        "median_ms": 0.2226352055867513,
        "p90_ms": 0.22270080248514812,
        "max_ms": 0.22272906303405762,
        "samples_ms": [
          0.22272906303405762,
          0.22270080248514812,
          0.22262907028198242,
          0.22257439295450845,
          0.2226352055867513,
          0.22263545989990235,
          0.22263387044270833
        ]
      },
      "dequant_matmul": {
        "min_ms": 2.2305397033691405,
        "median_ms": 2.2307169596354166,
        "p90_ms": 2.230845642089844,
        "max_ms": 2.230907440185547,
        "samples_ms": [
          2.2307825724283856,
          2.2307169596354166,
          2.2305397033691405,
          2.230845642089844,
          2.230694325764974,
          2.2306559244791666,
          2.230907440185547
        ]
      },
      "predequant_matmul": {
        "min_ms": 0.2225877285003662,
        "median_ms": 0.2227791945139567,
        "p90_ms": 0.22305173873901368,
        "max_ms": 0.22348532676696778,
        "samples_ms": [
          0.2225949287414551,
          0.22292826970418295,
          0.2227245330810547,
          0.2227791945139567,
          0.2225877285003662,
          0.22305173873901368,
          0.22348532676696778
        ]
      },
      "median_speedup_vs_dequant": 10.01960563135736,
      "median_speedup_vs_predequant": 1.000646748239237
    }
  ],
  "decode_bundle": {
    "name": "llama2_7b_supported_decode_projection_bundle",
    "layers": [
      {
        "name": "q_proj",
        "M": 1,
        "K": 4096,
        "N": 4096
      },
      {
        "name": "k_proj",
        "M": 1,
        "K": 4096,
        "N": 4096
      },
      {
        "name": "v_proj",
        "M": 1,
        "K": 4096,
        "N": 4096
      },
      {
        "name": "o_proj",
        "M": 1,
        "K": 4096,
        "N": 4096
      },
      {
        "name": "gate_proj",
        "M": 1,
        "K": 4096,
        "N": 11008
      },
      {
        "name": "up_proj",
        "M": 1,
        "K": 4096,
        "N": 11008
      }
    ],
    "unsupported_layers": [
      {
        "name": "down_proj",
        "M": 1,
        "K": 11008,
        "N": 4096
      }
    ],
    "max_abs_err": 0.03125,
    "max_rel_err": 0.0062500000931322575,
    "focal": {
      "min_ms": 0.10587973594665527,
      "median_ms": 0.10596426328023274,
      "p90_ms": 0.10596826871236166,
      "max_ms": 0.10598453680674234,
      "samples_ms": [
        0.10596426328023274,
        0.10596506595611573,
        0.10589146614074707,
        0.10596826871236166,
        0.10587973594665527,
        0.10590373675028483,
        0.10598453680674234
      ]
    },
    "dequant_matmul": {
      "min_ms": 4.02183837890625,
      "median_ms": 4.022098541259766,
      "p90_ms": 4.022121175130208,
      "max_ms": 4.022490692138672,
      "samples_ms": [
        4.0219370524088545,
        4.022121175130208,
        4.02183837890625,
        4.022107950846354,
        4.022490692138672,
        4.021888987223307,
        4.022098541259766
      ]
    },
    "predequant_matmul": {
      "min_ms": 0.30793787638346354,
      "median_ms": 0.3080013275146484,
      "p90_ms": 0.30806907018025714,
      "max_ms": 0.30810639063517253,
      "samples_ms": [
        0.3079421361287435,
        0.30806907018025714,
        0.3079781214396159,
        0.3080575942993164,
        0.3080013275146484,
        0.30793787638346354,
        0.30810639063517253
      ]
    },
    "median_speedup_vs_dequant": 37.9571226822286,
    "median_speedup_vs_predequant": 2.9066528467254016
  },
  "notes": [
    "Bundle covers supported Llama-2-7B decode projections.",
    "Down projection is excluded because K=11008 is unsupported.",
    "Third-party kernels are not compared in this script."
  ]
}